Antigen,Number of the Cluster,PepSurf Score,PepSurf Predicted Residues,Peptide ID,Peptide Sequence,Length,Path Residues,Minimal Peptides,Coverage_n,Coverage_%,EpiSearch Center Residue,EpiSearch Total Score,EpiSearch Average Score,Peptide Sequence (EpiSearch),EpiSearch Predicted Residues,Predicted Length,Epitope EpiSearch,Epitope PepSurf U EpiSearch,Union Length,Pymol coloring command
1JRH,1.0,81.064,GLU45; LYS47; ASN48; TYR49; GLY50; VAL51; LYS52; ASN53; SER54; GLU55; TRP56; ASN69; SER71; ASP72; HIS73; VAL74; GLY75; ASN79; SER80; LEU81; TRP82; ARG84; TYR96; ALA97; LYS98; SER99,1JRH_1,GVKSY,5,GLY50 VAL51 LYS52 ASN53 TYR49 GLY75 VAL74 LEU81 SER80 GLY90 VAL89 PRO40 TYR33 VAL12 GLU93 SER94 TYR96,Non-required,10/24,41.67%,47.0,2.95,0.738,,,,GLU45; LYS47; ASN48; TYR49; LYS52; ASN53; GLU55; TRP56; HIS73; TRP82,GLU45; LYS47; ASN48; TYR49; GLY50; VAL51; LYS52; ASN53; SER54; GLU55; TRP56; ASN69; SER71; ASP72; HIS73; VAL74; GLY75; ASN79; SER80; LEU81; TRP82; ARG84; TYR96; ALA97; LYS98; SER99,26,"select epitope, resi 45+47+48+49+50+51+52+53+54+55+56+69+71+72+73+74+75+79+80+81+82+84+96+97+98+99
color yellow, epitope"
,,,,1JRH_7,QAKEY,5,SER99 ALA97 ARG84 GLU45 TYR96 GLN91 GLY90 LYS92 GLU93 ALA95 LYS86 SER94 GLU101 SER80 LYS47 GLU55 TRP56 SER105 SER22 GLU21 TYR30 HIS73 ALA59 ASP58,Required,10/24,41.67%,,,,QAKEY,GLU45; LYS47; TYR49; LYS52; GLU55,5.0,,,,
,,,,1JRH_8,EAKNY,5,GLU55 SER54 LYS47 ASN48 TYR49 ASP76 VAL51 LYS52 ASN53 GLU101 ILE20 GLU21 ASN26 TYR23,Required,8/24,33.33%,,,,EAKNY,GLU45; LYS47; ASN48; TYR49; LYS52; ASN53; GLU55,7.0,,,,
,,,,1JRH_23,YGVKN,5,TYR49 GLY50 VAL51 LYS52 ASN53 HIS73 GLY75 VAL74 SER71 ASN26 SER80 LYS47 ASN48,Non-required,12/24,50.00%,,,,,,,,,,
,,,,1JRH_24,YGTKN,5,TYR49 GLY50 ASN79 LYS52 ASN53 TYR30 ASN17 THR19 GLU21 ASN26 SER80 LYS47 ASN48 TYR96 ALA95 THR14 THR16,Non-required,9/24,37.50%,,,,,,,,,,
,,,,1JRH_26,HGVKN,5,HIS73 GLY75 VAL74 SER71 ASN69 TYR49 GLY50 VAL51 LYS52 ASN53 LEU81 LYS47 ASN48,Required,13/24,54.17%,,,,HGVKN,LYS47; ASN48; LYS52; ASN53; HIS73,5.0,,,,
,,,,1JRH_27,YGHKN,5,TYR49 GLY50 ASN79 LYS52 ASN53 GLY75 HIS73 SER71 ASN69 TYR33 HIS66 TYR30 ASN17 TYR67 HIS65 ILE63 ASN62,Non-required,9/24,37.50%,,,,,,,,,,
,,,,1JRH_28,YGLKN,5,TYR49 GLY50 VAL51 LYS52 ASN53 SER80 LEU81 LYS47 ASN48,Non-required,9/24,37.50%,,,,,,,,,,
,,,,1JRH_29,HGLKN,5,HIS73 LEU81 LYS47 ASN48 TYR49 GLY50 VAL51 LYS52 ASN79 GLY75 VAL74 SER71 ASN69,Non-required,13/24,54.17%,,,,,,,,,,
,,,,1JRH_54,NGLWT,5,ASN48 SER80 LEU81 TRP82 SER99 ASN79 GLY50 VAL51,Required,8/24,33.33%,,,,NGLWT,ASN48; ASN53; TRP56; TRP82,4.0,,,,
