Antigen,Number_of_the_Cluster,PepSurf_Score,Amino_acids,Peptide_ID,Peptide_Sequence,Path_Residues,Minimal_peptide,Coverage_n,Coverage_%
1JRH,1,81.064,GLU45; LYS47; ASN48; TYR49; GLY50; VAL51; LYS52; ASN53; SER54; GLU55; TRP56; ASN69; SER71; ASP72; HIS73; VAL74; GLY75; ASN79; SER80; LEU81; TRP82; ARG84; TYR96; ALA97; LYS98; SER99,1JRH_1,GVKSY,GLY50 VAL51 LYS52 ASN53 TYR49 GLY75 VAL74 LEU81 SER80 GLY90 VAL89 PRO40 TYR33 VAL12 GLU93 SER94 TYR96,Non-required,10/24,41.67%
,,,,1JRH_7,QAKEY,SER99 ALA97 ARG84 GLU45 TYR96 GLN91 GLY90 LYS92 GLU93 ALA95 LYS86 SER94 GLU101 SER80 LYS47 GLU55 TRP56 SER105 SER22 GLU21 TYR30 HIS73 ALA59 ASP58,Required,10/24,41.67%
,,,,1JRH_8,EAKNY,GLU55 SER54 LYS47 ASN48 TYR49 ASP76 VAL51 LYS52 ASN53 GLU101 ILE20 GLU21 ASN26 TYR23,Required,8/24,33.33%
,,,,1JRH_23,YGVKN,TYR49 GLY50 VAL51 LYS52 ASN53 HIS73 GLY75 VAL74 SER71 ASN26 SER80 LYS47 ASN48,Non-required,12/24,50.00%
,,,,1JRH_24,YGTKN,TYR49 GLY50 ASN79 LYS52 ASN53 TYR30 ASN17 THR19 GLU21 ASN26 SER80 LYS47 ASN48 TYR96 ALA95 THR14 THR16,Non-required,9/24,37.50%
,,,,1JRH_26,HGVKN,HIS73 GLY75 VAL74 SER71 ASN69 TYR49 GLY50 VAL51 LYS52 ASN53 LEU81 LYS47 ASN48,Required,13/24,54.17%
,,,,1JRH_27,YGHKN,TYR49 GLY50 ASN79 LYS52 ASN53 GLY75 HIS73 SER71 ASN69 TYR33 HIS66 TYR30 ASN17 TYR67 HIS65 ILE63 ASN62,Non-required,9/24,37.50%
,,,,1JRH_28,YGLKN,TYR49 GLY50 VAL51 LYS52 ASN53 SER80 LEU81 LYS47 ASN48,Non-required,9/24,37.50%
,,,,1JRH_29,HGLKN,HIS73 LEU81 LYS47 ASN48 TYR49 GLY50 VAL51 LYS52 ASN79 GLY75 VAL74 SER71 ASN69,Non-required,13/24,54.17%
,,,,1JRH_54,NGLWT,ASN48 SER80 LEU81 TRP82 SER99 ASN79 GLY50 VAL51,Required,8/24,33.33%
